compagnie,ligne,depart,arrivee,categorie
Dakar Dem Dikk,Ligne 1,Parcelles Assainies,Place Leclerc,Urbaine
Dakar Dem Dikk,Ligne 4,Liberté 5,Place Leclerc,Urbaine
Dakar Dem Dikk,Ligne 7,Ouakam,Palais 2,Urbaine
Dakar Dem Dikk,Ligne 8,Aéroport LSS,Palais 2,Urbaine
Dakar Dem Dikk,Ligne 9,Liberté 6,Palais 2,Urbaine
Dakar Dem Dikk,Ligne 10,Liberté 5,Palais 2,Urbaine
Dakar Dem Dikk,Ligne 13,Liberté 5,Palais 2,Urbaine
Dakar Dem Dikk,Ligne 18,Dieuppeul,Centre-Ville,Urbaine
Dakar Dem Dikk,Ligne 20,Dieuppeul,Centre-Ville,Urbaine
Dakar Dem Dikk,Ligne 121,Scat Urbam,Place Leclerc,Urbaine
Dakar Dem Dikk,Ligne 23,Parcelles Assainies,Palais 1,Urbaine
Dakar Dem Dikk,Ligne 2,Daroukhane,Place Leclerc,Banlieue
Dakar Dem Dikk,Ligne 5,Guédiawaye,Palais 1,Banlieue
Dakar Dem Dikk,Ligne 6,Cambérène 2,Palais 2,Banlieue
Dakar Dem Dikk,Ligne 11,Keur Massar,Lat Dior,Banlieue
Dakar Dem Dikk,Ligne 12,Guédiawaye,Palais 1,Banlieue
Dakar Dem Dikk,Ligne 15,Rufisque,Palais 1,Banlieue
Dakar Dem Dikk,Ligne 16,Malika,Palais 1,Banlieue
Tata AFTU,Ligne 1,HLM Grand Yoff,Lat Dior,Urbaine
Tata AFTU,Ligne 3,Yoff Village,Gare de Petersen,Urbaine
Tata AFTU,Ligne 5,Gare Palais,Gare Routière Daroukhane,Banlieue
Tata AFTU,Ligne 25,Avenue Petersen,Terminus Parcelles Assainies,Urbaine
Tata AFTU,Ligne 40,Terminus Grand Mbao,Pétersen,Banlieue
Tata AFTU,Ligne 41,Guédiawaye Madial,Pétersen,Banlieue
Tata AFTU,Ligne 42,Corniche Guédiawaye,Ouakam,Banlieue
Tata AFTU,Ligne 43,Yeumbeul Sud,Ouakam Cité Avion,Banlieue
Tata AFTU,Ligne 44,Grand Mbao,Ouakam Marché Jeudi,Banlieue
Tata AFTU,Ligne 63,Stade Léopold Senghor,Rufisque,Banlieue
Tata AFTU,Ligne 64,Guédiawaye Notaire,Thiawlène,Banlieue
Tata AFTU,Ligne 65,Colobane,Jaxaay 2,Banlieue
Tata AFTU,Ligne 66,Gorom I,Terminus Yoff Frigo,Banlieue
