compagnie,ligne,ordre,arret
Dakar Dem Dikk,Ligne 1,1,Parcelles Assainies
Dakar Dem Dikk,Ligne 1,2,UCAD
Dakar Dem Dikk,Ligne 1,3,Église Saint-Joseph
Dakar Dem Dikk,Ligne 1,4,Médina
Dakar Dem Dikk,Ligne 1,5,Marché Tilène
Dakar Dem Dikk,Ligne 1,6,Place de l'Indépendance
Dakar Dem Dikk,Ligne 1,7,Place Leclerc
Dakar Dem Dikk,Ligne 4,1,Liberté 5
Dakar Dem Dikk,Ligne 4,2,Khar Yalla
Dakar Dem Dikk,Ligne 4,3,Médina
Dakar Dem Dikk,Ligne 4,4,Marché Tilène
Dakar Dem Dikk,Ligne 4,5,Hôtel de Ville
Dakar Dem Dikk,Ligne 4,6,Place de l'Indépendance
Dakar Dem Dikk,Ligne 4,7,Port de Dakar
Dakar Dem Dikk,Ligne 4,8,Place Leclerc
Dakar Dem Dikk,Ligne 7,1,Ouakam
Dakar Dem Dikk,Ligne 7,2,Mermoz
Dakar Dem Dikk,Ligne 7,3,UCAD
Dakar Dem Dikk,Ligne 7,4,Sahm
Dakar Dem Dikk,Ligne 7,5,Médina
Dakar Dem Dikk,Ligne 7,6,Marché Tilène
Dakar Dem Dikk,Ligne 7,7,Hôpital Principal
Dakar Dem Dikk,Ligne 7,8,Palais 2
Dakar Dem Dikk,Ligne 8,1,Aéroport LSS
Dakar Dem Dikk,Ligne 8,2,Palais 2
Dakar Dem Dikk,Ligne 9,1,Liberté 6
Dakar Dem Dikk,Ligne 9,2,JVC
Dakar Dem Dikk,Ligne 9,3,Sacré-Cœur
Dakar Dem Dikk,Ligne 9,4,Hôpital Principal
Dakar Dem Dikk,Ligne 9,5,Palais 2
Dakar Dem Dikk,Ligne 10,1,Liberté 5
Dakar Dem Dikk,Ligne 10,2,Khar Yalla
Dakar Dem Dikk,Ligne 10,3,Hôpital Principal
Dakar Dem Dikk,Ligne 10,4,Palais 2
Dakar Dem Dikk,Ligne 13,1,Liberté 5
Dakar Dem Dikk,Ligne 13,2,Palais 2
Dakar Dem Dikk,Ligne 18,1,Dieuppeul
Dakar Dem Dikk,Ligne 18,2,Centre-Ville
Dakar Dem Dikk,Ligne 20,1,Dieuppeul
Dakar Dem Dikk,Ligne 20,2,Centre-Ville
Dakar Dem Dikk,Ligne 121,1,SCAT Urbam
Dakar Dem Dikk,Ligne 121,2,Sacré-Cœur
Dakar Dem Dikk,Ligne 121,3,Hôtel de Ville
Dakar Dem Dikk,Ligne 121,4,Place de l'Indépendance
Dakar Dem Dikk,Ligne 121,5,Place Leclerc
Dakar Dem Dikk,Ligne 23,1,Parcelles Assainies
Dakar Dem Dikk,Ligne 23,2,École Dior
Dakar Dem Dikk,Ligne 23,3,Diamalaye
Dakar Dem Dikk,Ligne 23,4,Police Parcelles
Dakar Dem Dikk,Ligne 23,5,Tally Bou Bess
Dakar Dem Dikk,Ligne 23,6,Khar Yalla
Dakar Dem Dikk,Ligne 23,7,UCAD
Dakar Dem Dikk,Ligne 23,8,Sahm
Dakar Dem Dikk,Ligne 23,9,Hôpital Principal
Dakar Dem Dikk,Ligne 23,10,Palais 1
Dakar Dem Dikk,Ligne 2,1,Daroukhane
Dakar Dem Dikk,Ligne 2,2,Place Leclerc
Dakar Dem Dikk,Ligne 5,1,Guédiawaye
Dakar Dem Dikk,Ligne 5,2,Palais 1
Dakar Dem Dikk,Ligne 6,1,Cambérène 2
Dakar Dem Dikk,Ligne 6,2,Palais 2
Dakar Dem Dikk,Ligne 11,1,Keur Massar
Dakar Dem Dikk,Ligne 11,2,Lat Dior
Dakar Dem Dikk,Ligne 12,1,Guédiawaye
Dakar Dem Dikk,Ligne 12,2,Palais 1
Dakar Dem Dikk,Ligne 15A,1,Rufisque
Dakar Dem Dikk,Ligne 15A,2,Palais 1
Dakar Dem Dikk,Ligne 15B,1,Rufisque
Dakar Dem Dikk,Ligne 15B,2,Palais 1
Dakar Dem Dikk,Ligne 16A,1,Malika
Dakar Dem Dikk,Ligne 16A,2,Palais 1
Dakar Dem Dikk,Ligne 16B,1,Malika
Dakar Dem Dikk,Ligne 16B,2,Palais 1
Dakar Dem Dikk,Ligne 234,1,Jaxaay
Dakar Dem Dikk,Ligne 234,2,Place Leclerc
Dakar Dem Dikk,Ligne 233,1,Baux Maraîchers
Dakar Dem Dikk,Ligne 233,2,Palais 1
Dakar Dem Dikk,Ligne 232,1,Baux Maraîchers
Dakar Dem Dikk,Ligne 232,2,Aéroport LSS
Dakar Dem Dikk,Ligne 228,1,Rufisque
Dakar Dem Dikk,Ligne 228,2,Yenne
Dakar Dem Dikk,Ligne 227,1,Keur Massar
Dakar Dem Dikk,Ligne 227,2,Parcelles Assainies
Dakar Dem Dikk,Ligne 221,1,Gadaye
Dakar Dem Dikk,Ligne 221,2,Almadies
Dakar Dem Dikk,Ligne 220,1,Rufisque
Dakar Dem Dikk,Ligne 220,2,Guédiawaye
Dakar Dem Dikk,Ligne 219,1,Daroukhane
Dakar Dem Dikk,Ligne 219,2,Ouakam
Dakar Dem Dikk,Ligne 218,1,Thiaroye
Dakar Dem Dikk,Ligne 218,2,Aéroport LSS
Dakar Dem Dikk,Ligne 217,1,Thiaroye
Dakar Dem Dikk,Ligne 217,2,Ouakam
Dakar Dem Dikk,Ligne 213,1,Rufisque
Dakar Dem Dikk,Ligne 213,2,Dieuppeul
Dakar Dem Dikk,Ligne 208,1,Bayakh
Dakar Dem Dikk,Ligne 208,2,Rufisque
Dakar Dem Dikk,Ligne 501,1,Gare de Dakar
Dakar Dem Dikk,Ligne 501,2,Palais 2
Dakar Dem Dikk,Ligne 502A,1,Colobane
Dakar Dem Dikk,Ligne 502A,2,UCAD
Dakar Dem Dikk,Ligne 502B,1,Colobane
Dakar Dem Dikk,Ligne 502B,2,Hôpital Abass Ndao
Dakar Dem Dikk,Ligne 503A,1,Colobane
Dakar Dem Dikk,Ligne 503A,2,Môle 8
Dakar Dem Dikk,Ligne 503B,1,Colobane
Dakar Dem Dikk,Ligne 503B,2,Hydrocarbures
Dakar Dem Dikk,Ligne 504A,1,Gare de Diamniadio
Dakar Dem Dikk,Ligne 504A,2,Sphère ministérielle
Dakar Dem Dikk,Ligne 504B,1,Sébikotane
Dakar Dem Dikk,Ligne 504B,2,Gare de Diamniadio
Dakar Dem Dikk,TAF TAF,1,Ouakam
Dakar Dem Dikk,TAF TAF,2,Mamelles
Dakar Dem Dikk,TAF TAF,3,Almadies
Dakar Dem Dikk,TAF TAF,4,Ngor
Dakar Dem Dikk,TAF TAF,5,Yoff
Dakar Dem Dikk,TAF TAF,6,Aéroport LSS
Dakar Dem Dikk,TAF TAF,7,Foire
Dakar Dem Dikk,TAF TAF,8,VDN
Dakar Dem Dikk,TAF TAF,9,JVC
Dakar Dem Dikk,TAF TAF,10,Liberté 6
Dakar Dem Dikk,TAF TAF,11,Grand Yoff
Dakar Dem Dikk,TAF TAF,12,Patte d'Oie
Dakar Dem Dikk,TAF TAF,13,Diamniadio
Dakar Dem Dikk,TAF TAF,14,AIBD
Tata AFTU,Ligne 1,1,Gare Lat Dior
Tata AFTU,Ligne 1,2,Rue Sandiniery
Tata AFTU,Ligne 1,3,Rue de la Somme
Tata AFTU,Ligne 1,4,Rue de Reims Prolongée
Tata AFTU,Ligne 1,5,Rue des Dardanelles
Tata AFTU,Ligne 1,6,Avenue Blaise Diagne
Tata AFTU,Ligne 1,7,Boulevard de la Gueule Tapée
Tata AFTU,Ligne 1,8,Rue 34
Tata AFTU,Ligne 1,9,Rue 9bis
Tata AFTU,Ligne 1,10,Rue 11
Tata AFTU,Ligne 1,11,Rue 9
Tata AFTU,Ligne 1,12,Rue Abebebikila (Rue 11 Prolongée)
Tata AFTU,Ligne 1,13,Cheikh Sidatyaidara (Niarytally)
Tata AFTU,Ligne 1,14,Avenue Bourguiba
Tata AFTU,Ligne 1,15,Rond-Point Jet d'Eau
Tata AFTU,Ligne 1,16,Giratoire de Liberté VI
Tata AFTU,Ligne 1,17,2 Voies de Liberté VI
Tata AFTU,Ligne 1,18,VDN
Tata AFTU,Ligne 1,19,Rte Corniche de HLM Gd Médine
Tata AFTU,Ligne 1,20,Espace HLM Gd Médine (Face Autoroute)
Tata AFTU,Ligne 2,1,Route Principale des Parcelles Assainies
Tata AFTU,Ligne 2,2,Croisement Dior
Tata AFTU,Ligne 2,3,Route HLM Grand Médine
Tata AFTU,Ligne 2,4,Route du Marché des Parcelles Assainies
Tata AFTU,Ligne 2,5,Route des Niayes
Tata AFTU,Ligne 2,6,Pont de l'Émergence
Tata AFTU,Ligne 2,7,Avenue Cardinal Hyacinthe Thiandoum
Tata AFTU,Ligne 2,8,Giratoire Liberté VI
Tata AFTU,Ligne 2,9,Route du Front de Terre
Tata AFTU,Ligne 2,10,Rue P
Tata AFTU,Ligne 2,11,Avenue Cheikh Amadou Bamba (Rue 13 des HLM)
Tata AFTU,Ligne 2,12,Boulevard du Général de Gaulle
Tata AFTU,Ligne 2,13,Rue 39 (Retour Par Rue 17)
Tata AFTU,Ligne 2,14,Rue 22
Tata AFTU,Ligne 2,15,Rue 25 (Retour Par Rue 37)
Tata AFTU,Ligne 2,16,Av Blaise Diagne
Tata AFTU,Ligne 2,17,Av Emile Badiane
Tata AFTU,Ligne 2,18,Gare Petersen
Tata AFTU,Ligne 3,1,Yoff-Village
Tata AFTU,Ligne 3,2,Autoroute Seydinalimamoulaye
Tata AFTU,Ligne 3,3,Aéroport L S Senghor
Tata AFTU,Ligne 3,4,Route de Ngor
Tata AFTU,Ligne 3,5,Village de Ngor
Tata AFTU,Ligne 3,6,Route de l'Aéroport
Tata AFTU,Ligne 3,7,Les Mamelles (Monument Renaissance)
Tata AFTU,Ligne 3,8,Cité ASECNA
Tata AFTU,Ligne 3,9,Village de Ouakam
Tata AFTU,Ligne 3,10,Route de Ouakam
Tata AFTU,Ligne 3,11,Avenue Cheikh Antadiop
Tata AFTU,Ligne 3,12,Avenue Blaise Diagne
Tata AFTU,Ligne 3,13,Avenue Emile Badiane
Tata AFTU,Ligne 3,14,Rue Mangin
Tata AFTU,Ligne 3,15,Gare Petersen
Tata AFTU,Ligne 4,1,Yoff-Village
Tata AFTU,Ligne 4,2,Autoroute Seydina Limamoulaye
Tata AFTU,Ligne 4,3,Echangeur de la Foire
Tata AFTU,Ligne 4,4,Voie de Dégagement Nord (VDN)
Tata AFTU,Ligne 4,5,Carrefour Seydou N Tall
Tata AFTU,Ligne 4,6,Avenue Cheikh Anta Diop
Tata AFTU,Ligne 4,7,Avenue Blaise Diagne
Tata AFTU,Ligne 4,8,Avenue Emile Badiane
Tata AFTU,Ligne 4,9,Rue Mangin
Tata AFTU,Ligne 4,10,Petersen
Tata AFTU,Ligne 5,1,Gare des Parcelles Assainies
Tata AFTU,Ligne 5,2,Route de l'Église
Tata AFTU,Ligne 5,3,Route des Niayes
Tata AFTU,Ligne 5,4,Pont Stade LSS
Tata AFTU,Ligne 5,5,Autoroute Seydina L
Tata AFTU,Ligne 5,6,Route Principale de Grand Yoff (Par Bassin Retention)
Tata AFTU,Ligne 5,7,Route de l'Hôpital Général de Gd Yoff (Hoggy)
Tata AFTU,Ligne 5,8,Route du Front de Terre
Tata AFTU,Ligne 5,9,Avenue Bourguiba
Tata AFTU,Ligne 5,10,Avenue Cheikh Amadou Bamba Mbacke (Rue 13)
Tata AFTU,Ligne 5,11,Rue 39
Tata AFTU,Ligne 5,12,Retour Rue 17
Tata AFTU,Ligne 5,13,Rue 22
Tata AFTU,Ligne 5,14,Rue 25
Tata AFTU,Ligne 5,15,Retour Rue 37
Tata AFTU,Ligne 5,16,Avenue Blaise Diagne
Tata AFTU,Ligne 5,17,Av. Emile Badiane
Tata AFTU,Ligne 5,18,Rue Mangin
Tata AFTU,Ligne 5,19,Petersen
Tata AFTU,Ligne 24,1,Université Cheikh Anta Diop
Tata AFTU,Ligne 24,2,Avenue Cheikh Anta Diop
Tata AFTU,Ligne 24,3,Rd Point Seydou N Tall
Tata AFTU,Ligne 24,4,Avenue Bourguiba
Tata AFTU,Ligne 24,5,Route du Front de Terre
Tata AFTU,Ligne 24,6,Echangeur de Hann
Tata AFTU,Ligne 24,7,Autoroute
Tata AFTU,Ligne 24,8,Branche Est Autoroute
Tata AFTU,Ligne 24,9,Sortie Pikine
Tata AFTU,Ligne 24,10,Tally Boubess
Tata AFTU,Ligne 24,11,Route des Niayes
Tata AFTU,Ligne 24,12,Prolongement Rue 10
Tata AFTU,Ligne 24,13,Sapeurs-Pompiers de Gw
Tata AFTU,Ligne 24,14,Notaire (Guédiawaye)
Tata AFTU,Ligne 25,1,Gare des Parcelles Assainies
Tata AFTU,Ligne 25,2,Route Principale des Parcelles Assainies
Tata AFTU,Ligne 25,3,École Dior
Tata AFTU,Ligne 25,4,Carrefour HLM Gd Medine/diamalaye
Tata AFTU,Ligne 25,5,VDN Prolongée
Tata AFTU,Ligne 25,6,Echangeur de la Foire
Tata AFTU,Ligne 25,7,Voie de Dégagement Nord (VDN)
Tata AFTU,Ligne 25,8,Carrefour Seydou N Tall
Tata AFTU,Ligne 25,9,Avenue Cheikh Anta Diop
Tata AFTU,Ligne 25,10,Avenue Blaise Diagne
Tata AFTU,Ligne 25,11,Avenue Emile Badiane
Tata AFTU,Ligne 25,12,Rue Mangin
Tata AFTU,Ligne 25,13,Gare Petersen
Tata AFTU,Ligne 26,1,Gare des Parcelles Assainies
Tata AFTU,Ligne 26,2,Groupement National des Sapeurs-Pompiers
Tata AFTU,Ligne 26,3,Unités de Voisinage : 10
Tata AFTU,Ligne 26,4,Case de Cambérène
Tata AFTU,Ligne 26,5,Unités 5
Tata AFTU,Ligne 26,6,Route des Niayes (Guédiawaye)
Tata AFTU,Ligne 26,7,Croisement Bethio
Tata AFTU,Ligne 26,8,Guédiawaye
Tata AFTU,Ligne 27,1,Marché Boubess
Tata AFTU,Ligne 27,2,Stade Amadou Barry
Tata AFTU,Ligne 27,3,Djiddah Thiaroye Kao
Tata AFTU,Ligne 27,4,UE 02
Tata AFTU,Ligne 27,5,Rue Cheik Ahmadou Bamba Prolongée
Tata AFTU,Ligne 27,6,Rue 10 Pikine Ouest (R802)
Tata AFTU,Ligne 27,7,Rues 754 et 759
Tata AFTU,Ligne 27,8,Rue 1 Pikine Ouest
Tata AFTU,Ligne 27,9,Cité Lobatt Fall
Tata AFTU,Ligne 27,10,Route Nationale 1
Tata AFTU,Ligne 27,11,Croisement Cambérène
Tata AFTU,Ligne 27,12,Branche Est-Autoroute
Tata AFTU,Ligne 27,13,Echangeur Patte d'Oie
Tata AFTU,Ligne 27,14,Rocade Fann Bel Air
Tata AFTU,Ligne 27,15,SCOA
Tata AFTU,Ligne 27,16,Avenue Malick Sy
Tata AFTU,Ligne 27,17,Port (Môle 10 et 8)
Tata AFTU,Ligne 27,18,Allées Papa Gueye Fall
Tata AFTU,Ligne 27,19,Rue Marsat (Rue 127)
Tata AFTU,Ligne 27,20,Gare Petersen
Tata AFTU,Ligne 28,1,Hamo V/vi
Tata AFTU,Ligne 28,2,Hamo IV
Tata AFTU,Ligne 28,3,Croisement Dial Mbaye
Tata AFTU,Ligne 28,4,Marché Jeudi
Tata AFTU,Ligne 28,5,Cité Enseignants
Tata AFTU,Ligne 28,6,Hamo III
Tata AFTU,Ligne 28,7,Croisement Cheikh Bethio
Tata AFTU,Ligne 28,8,Pharmacie Golf
Tata AFTU,Ligne 28,9,Cité Fadia
Tata AFTU,Ligne 28,10,Rond-Point Case Bi
Tata AFTU,Ligne 28,11,Marché Cambérène
Tata AFTU,Ligne 28,12,Croisement Cambérène
Tata AFTU,Ligne 28,13,Branche Est Autoroute
Tata AFTU,Ligne 28,14,Echangeur Patte d'Oie
Tata AFTU,Ligne 28,15,Autoroute
Tata AFTU,Ligne 28,16,Gare Petersen
Tata AFTU,Ligne 29,1,Cité Nations Unies (Cambérène)
Tata AFTU,Ligne 29,2,Golf
Tata AFTU,Ligne 29,3,Cinéma Parcelles
Tata AFTU,Ligne 29,4,Rte des Niayes (Police Parcelles)
Tata AFTU,Ligne 29,5,Rond-Point de Cambérène (Casebi)
Tata AFTU,Ligne 29,6,Rte des Niayes Prolongée (Police Parcelles)
Tata AFTU,Ligne 29,7,Pont Stade LSS
Tata AFTU,Ligne 29,8,Avenue Hyacinthe Thiandoum
Tata AFTU,Ligne 29,9,Giratoire Liberté VI
Tata AFTU,Ligne 29,10,Piste d'Envol
Tata AFTU,Ligne 29,11,Route du Collège Sacré Cœur
Tata AFTU,Ligne 29,12,Avenue Bourguiba
Tata AFTU,Ligne 29,13,Carrefour Seydou N Tall
Tata AFTU,Ligne 29,14,Avenue Cheikh Anta Diop
Tata AFTU,Ligne 29,15,Avenue Blaise Diagne
Tata AFTU,Ligne 29,16,Gare de Petersen
Tata AFTU,Ligne 30,1,Gadaye (Guédiawaye)
Tata AFTU,Ligne 30,2,Wakhinanenimzatt (Rue 212)
Tata AFTU,Ligne 30,3,Marché Ndiarème
Tata AFTU,Ligne 30,4,Rue Cheikh Wade
Tata AFTU,Ligne 30,5,Sam Notaire
Tata AFTU,Ligne 30,6,Stade Amadou Barry
Tata AFTU,Ligne 30,7,Lycée Canada
Tata AFTU,Ligne 30,8,Route des Niayes
Tata AFTU,Ligne 30,9,Rond-Point de Cambérène (Casebi)
Tata AFTU,Ligne 30,10,Route des Niayes Prolongée (Police des P Assainies)
Tata AFTU,Ligne 30,11,Avenue Hyacinthe Thiandoum
Tata AFTU,Ligne 30,12,Giratoire Liberté VI
Tata AFTU,Ligne 30,13,Allées Ababacar Sy (Dieuppeul/derklé)
Tata AFTU,Ligne 30,14,Allées Cheikh Sidaty Aïdara (Niaritalli)
Tata AFTU,Ligne 30,15,Rue El Hadj Amadou Malick Gaye (Bopp)
Tata AFTU,Ligne 30,16,Av. Cheikh Ahmadou Bamba (Cité Port)
Tata AFTU,Ligne 30,17,Rocade Fann / Bel Air
Tata AFTU,Ligne 30,18,Gare de Colobane
Tata AFTU,Ligne 31,1,Tally Icotaf X Rte des Niayes (Pikine)
Tata AFTU,Ligne 31,2,Tally Icotaf
Tata AFTU,Ligne 31,3,Sortie Pikine
Tata AFTU,Ligne 31,4,Khourounar
Tata AFTU,Ligne 31,5,Cité Lobattfall
Tata AFTU,Ligne 31,6,Branche Est Autoroute
Tata AFTU,Ligne 31,7,Echangeur Patte d'Oie
Tata AFTU,Ligne 31,8,Pont Stade LSS
Tata AFTU,Ligne 31,9,Avenue Hyacinthe Thiandom
Tata AFTU,Ligne 31,10,Giratoire Liberté VI
Tata AFTU,Ligne 31,11,Piste d'Envol
Tata AFTU,Ligne 31,12,Route du Collège Sacré Cœur
Tata AFTU,Ligne 31,13,Boulevard Dial Diop
Tata AFTU,Ligne 31,14,Canal de la Gueule Tapée
Tata AFTU,Ligne 31,15,Hôpital Abass Ndao
Tata AFTU,Ligne 32,1,SAHM
Tata AFTU,Ligne 32,2,Maison du Parti
Tata AFTU,Ligne 32,3,HLM
Tata AFTU,Ligne 32,4,Cité des Eaux
Tata AFTU,Ligne 32,5,Autoroute
Tata AFTU,Ligne 32,6,Croisement Cambérène
Tata AFTU,Ligne 32,7,Lobatt Fall
Tata AFTU,Ligne 32,8,Tally Boumack
Tata AFTU,Ligne 32,9,Route des Niayes
Tata AFTU,Ligne 32,10,Canada
Tata AFTU,Ligne 32,11,Corniche
Tata AFTU,Ligne 32,12,Hamo 6
Tata AFTU,Ligne 32,13,Serigne Assane
Tata AFTU,Ligne 33,1,Colobane
Tata AFTU,Ligne 33,2,Rond-Point Colobane
Tata AFTU,Ligne 33,3,Maison du Parti
Tata AFTU,Ligne 33,4,HLM
Tata AFTU,Ligne 33,5,Front de Terre
Tata AFTU,Ligne 33,6,Kharyalla
Tata AFTU,Ligne 33,7,Rond-Point Liberté 6
Tata AFTU,Ligne 33,8,HLM Grand Yoff
Tata AFTU,Ligne 33,9,Pont de l'Émergence
Tata AFTU,Ligne 33,10,Case-Ba
Tata AFTU,Ligne 33,11,Fadia
Tata AFTU,Ligne 33,12,Golf
Tata AFTU,Ligne 33,13,PAI
Tata AFTU,Ligne 33,14,Lycée Canada
Tata AFTU,Ligne 33,15,Stade Amadou Barry
Tata AFTU,Ligne 33,16,Lycée Limamoulaye
Tata AFTU,Ligne 33,17,Marché Boubess
Tata AFTU,Ligne 33,18,Serigne Assane
Tata AFTU,Ligne 34,1,Nord Foire
Tata AFTU,Ligne 34,2,Foire
Tata AFTU,Ligne 34,3,VDN
Tata AFTU,Ligne 34,4,2 Voies Liberté 6
Tata AFTU,Ligne 34,5,Sacré Cœur
Tata AFTU,Ligne 34,6,Rue 10 Grand Dakar
Tata AFTU,Ligne 34,7,Zone B
Tata AFTU,Ligne 34,8,SHAM
Tata AFTU,Ligne 34,9,Poste Médina
Tata AFTU,Ligne 34,10,Avenue Blaise Diagne
Tata AFTU,Ligne 34,11,Lat Dior
Tata AFTU,Ligne 35,1,Ngor
Tata AFTU,Ligne 35,2,Aéroport
Tata AFTU,Ligne 35,3,Yoff
Tata AFTU,Ligne 35,4,Patte d'Oie
Tata AFTU,Ligne 35,5,Croisement Cambérène
Tata AFTU,Ligne 35,6,Route Nationale
Tata AFTU,Ligne 35,7,Cité Lobatt Fall
Tata AFTU,Ligne 35,8,Khourounar
Tata AFTU,Ligne 35,9,Tally Boumack
Tata AFTU,Ligne 35,10,Pikine Texaco
Tata AFTU,Ligne 36,1,Marché Ndiarème
Tata AFTU,Ligne 36,2,Parc Lambaye
Tata AFTU,Ligne 36,3,Quartier Cheikh Wade
Tata AFTU,Ligne 36,4,2 Voies Notaire
Tata AFTU,Ligne 36,5,Dial Mbaye
Tata AFTU,Ligne 36,6,Cité Enseignants
Tata AFTU,Ligne 36,7,Croisement Bethio
Tata AFTU,Ligne 36,8,Pharmacie Golf
Tata AFTU,Ligne 36,9,Unité 3 Cinéma
Tata AFTU,Ligne 36,10,Case Ba
Tata AFTU,Ligne 36,11,Parcelles Assainies
Tata AFTU,Ligne 36,12,Église
Tata AFTU,Ligne 36,13,Caserne Sapeurs Pompiers
Tata AFTU,Ligne 36,14,École Dior
Tata AFTU,Ligne 36,15,Centre Aéré de la BCEAO
Tata AFTU,Ligne 36,16,Yoff Village
Tata AFTU,Ligne 36,17,Aéroport
Tata AFTU,Ligne 36,18,Ngor
Tata AFTU,Ligne 37,1,Cité Apix
Tata AFTU,Ligne 37,2,Croisement Tivaouane Peulh
Tata AFTU,Ligne 37,3,Cité SOTRAC
Tata AFTU,Ligne 37,4,Cité Ainoumady
Tata AFTU,Ligne 37,5,Station Keur Massar
Tata AFTU,Ligne 37,6,Ecobank
Tata AFTU,Ligne 37,7,Station MTOA
Tata AFTU,Ligne 37,8,Malika Montagne
Tata AFTU,Ligne 37,9,Malika Terminus
Tata AFTU,Ligne 37,10,VDN
Tata AFTU,Ligne 37,11,Croisement Gadaye
Tata AFTU,Ligne 37,12,49
Tata AFTU,Ligne 37,13,30 & 42
Tata AFTU,Ligne 37,14,Monument Serigne Saliou
Tata AFTU,Ligne 37,15,Police Wakhinane
Tata AFTU,Ligne 37,16,Hamo VI
Tata AFTU,Ligne 37,17,Rond-Point Dial Mbaay
Tata AFTU,Ligne 37,18,Allées Cherif Macky Sall
Tata AFTU,Ligne 37,19,Police Guédiawaye
Tata AFTU,Ligne 37,20,Pikine Rue 10
Tata AFTU,Ligne 37,21,Technopole
Tata AFTU,Ligne 37,22,Croisement Cambérène
Tata AFTU,Ligne 37,23,Maristes (Par Station Titan)
Tata AFTU,Ligne 37,24,Pharmicie Abdourahmane
Tata AFTU,Ligne 37,25,École Japonaise
Tata AFTU,Ligne 37,26,Keur Ngoor (Rond-Point École Mariste)
Tata AFTU,Ligne 37,27,Pont Hann
Tata AFTU,Ligne 37,28,Autoroute
Tata AFTU,Ligne 37,29,Colobane
Tata AFTU,Ligne 37,30,Lycée Kennedy
Tata AFTU,Ligne 37,31,Fass
Tata AFTU,Ligne 37,32,Gueule Tapée
Tata AFTU,Ligne 37,33,Hôpital Abass Ndao
Tata AFTU,Ligne 37,34,Rond-Point Fann
Tata AFTU,Ligne 37,35,UCAD (Claudel)
Tata AFTU,Ligne 38,1,Cité des Enseignants
Tata AFTU,Ligne 38,2,PAI
Tata AFTU,Ligne 38,3,Golf Fadia
Tata AFTU,Ligne 38,4,Case Ba
Tata AFTU,Ligne 38,5,Police Parcelles
Tata AFTU,Ligne 38,6,Pattesd'oie
Tata AFTU,Ligne 38,7,Grand Yoff
Tata AFTU,Ligne 38,8,Castors
Tata AFTU,Ligne 38,9,Bourguiba
Tata AFTU,Ligne 38,10,École Police
Tata AFTU,Ligne 38,11,Rond-Point Fann
Tata AFTU,Ligne 38,12,UCAD
Tata AFTU,Ligne 38,13,SAHM
Tata AFTU,Ligne 39,1,Lat Dior
Tata AFTU,Ligne 39,2,Poste Médine
Tata AFTU,Ligne 39,3,Rue 6
Tata AFTU,Ligne 39,4,Gueule Tapée Claudel
Tata AFTU,Ligne 39,5,École Normale
Tata AFTU,Ligne 39,6,Bourguiba
Tata AFTU,Ligne 39,7,Castors
Tata AFTU,Ligne 39,8,Liberté 6
Tata AFTU,Ligne 39,9,Marché Grand Yoff
Tata AFTU,Ligne 39,10,Pont de l'Émergence
Tata AFTU,Ligne 39,11,Police Parcelles
Tata AFTU,Ligne 39,12,Croisement 22
Tata AFTU,Ligne 39,13,Dior
Tata AFTU,Ligne 39,14,Diamalaye
Tata AFTU,Ligne 40,1,Grand Mbao
Tata AFTU,Ligne 40,2,Route Nationale 1
Tata AFTU,Ligne 40,3,Fass Mbao
Tata AFTU,Ligne 40,4,Poste Thiaroye
Tata AFTU,Ligne 40,5,Route de Yarakh
Tata AFTU,Ligne 40,6,Cafeteria
Tata AFTU,Ligne 40,7,Maristes
Tata AFTU,Ligne 40,8,Echangeur Hann
Tata AFTU,Ligne 40,9,Autoroute
Tata AFTU,Ligne 40,10,Colobane
Tata AFTU,Ligne 40,11,Petersen
Tata AFTU,Ligne 41,1,Petersen
Tata AFTU,Ligne 41,2,Allées Papa Gueye Fall
Tata AFTU,Ligne 41,3,Avenue Malicksy
Tata AFTU,Ligne 41,4,Echangeur Cyrnos
Tata AFTU,Ligne 41,5,Môle 10
Tata AFTU,Ligne 41,6,Rond-Point Môle 8
Tata AFTU,Ligne 41,7,Rond-Point SCOA
Tata AFTU,Ligne 41,8,Boulevard du Centenaire de la Commune de Dakar
Tata AFTU,Ligne 41,9,CAPA
Tata AFTU,Ligne 41,10,Marché aux Poissons
Tata AFTU,Ligne 41,11,Bountou Pikine
Tata AFTU,Ligne 41,12,Tallyboumack
Tata AFTU,Ligne 41,13,Route des Niayes
Tata AFTU,Ligne 41,14,Rue 10 Prolongée
Tata AFTU,Ligne 41,15,Police Guédiawaye
Tata AFTU,Ligne 41,16,Station Toure
Tata AFTU,Ligne 41,17,Quartier Cheikh Wade
Tata AFTU,Ligne 41,18,Marché Ndiarème
Tata AFTU,Ligne 41,19,Baye Laye
Tata AFTU,Ligne 41,20,Daroukhane
Tata AFTU,Ligne 41,21,Étage Madiale
Tata AFTU,Ligne 42,1,Gadaye (Guédiawaye)
Tata AFTU,Ligne 42,2,Corniche Guédiawaye
Tata AFTU,Ligne 42,3,Cité des Enseignants
Tata AFTU,Ligne 42,4,Croisement Bethio
Tata AFTU,Ligne 42,5,Route des Niayes
Tata AFTU,Ligne 42,6,Case Ba
Tata AFTU,Ligne 42,7,Police des Parcelles Assainies
Tata AFTU,Ligne 42,8,Route du Stade LSS (Taliboubess)
Tata AFTU,Ligne 42,9,VDN
Tata AFTU,Ligne 42,10,Ancienne Piste d'Envol
Tata AFTU,Ligne 42,11,Av Cheikh Anta Diop
Tata AFTU,Ligne 42,12,Route Principale de Ouakam (Marché)
Tata AFTU,Ligne 42,13,Boutikou Diallo
Tata AFTU,Ligne 42,14,Ouakam Baye
Tata AFTU,Ligne 43,1,Ouakam
Tata AFTU,Ligne 43,2,Siège Expresso Ouakam
Tata AFTU,Ligne 43,3,École Normale
Tata AFTU,Ligne 43,4,Bourguiba
Tata AFTU,Ligne 43,5,Rue 10
Tata AFTU,Ligne 43,6,G.dakar
Tata AFTU,Ligne 43,7,HLM
Tata AFTU,Ligne 43,8,Cité des Eaux
Tata AFTU,Ligne 43,9,Pont Hann
Tata AFTU,Ligne 43,10,Autoroute
Tata AFTU,Ligne 43,11,Bountou Pikine
Tata AFTU,Ligne 43,12,Tally Bou Bess
Tata AFTU,Ligne 43,13,Police Thiaroye
Tata AFTU,Ligne 43,14,Tally Diallo
Tata AFTU,Ligne 43,15,Thierno Ndiaye
Tata AFTU,Ligne 44,1,Grand Mbao
Tata AFTU,Ligne 44,2,Route Nationale 1
Tata AFTU,Ligne 44,3,Fass Mbao
Tata AFTU,Ligne 44,4,SICAP Mbao
Tata AFTU,Ligne 44,5,Diamaguène
Tata AFTU,Ligne 44,6,Poste Thiaroye
Tata AFTU,Ligne 44,7,Autoroute
Tata AFTU,Ligne 44,8,Patte d'Oie
Tata AFTU,Ligne 44,9,Pont de l'Émergence
Tata AFTU,Ligne 44,10,Foire
Tata AFTU,Ligne 44,11,Ancienne Piste
Tata AFTU,Ligne 44,12,Mermoz
Tata AFTU,Ligne 44,13,Ouakam
Tata AFTU,Ligne 45,1,Kounoune Ngalam
Tata AFTU,Ligne 45,2,ZAC 3 Bis Kounoune
Tata AFTU,Ligne 45,3,Kounoune Cité Assurance
Tata AFTU,Ligne 45,4,Marine Française
Tata AFTU,Ligne 45,5,Cité Yacine Diop
Tata AFTU,Ligne 45,6,Shell SEDIMA
Tata AFTU,Ligne 45,7,Lycée Jaxaay
Tata AFTU,Ligne 45,8,Rond-Point Cité Pénitence
Tata AFTU,Ligne 45,9,Auchan Keur Massar
Tata AFTU,Ligne 45,10,Rond-Point Keur Massar
Tata AFTU,Ligne 45,11,Virage Gauche Torino
Tata AFTU,Ligne 45,12,Darou Missel
Tata AFTU,Ligne 45,13,Tenn Bi
Tata AFTU,Ligne 45,14,Mbédou Fass
Tata AFTU,Ligne 45,15,Tournal Boune
Tata AFTU,Ligne 45,16,Croisement Yeumbeul
Tata AFTU,Ligne 45,17,Station Yeumbeul
Tata AFTU,Ligne 45,18,Cité ASECNA
Tata AFTU,Ligne 45,19,49
Tata AFTU,Ligne 45,20,Serigne Assane
Tata AFTU,Ligne 45,21,Marché Boubess
Tata AFTU,Ligne 45,22,Lycée Limamoulaye
Tata AFTU,Ligne 45,23,Hôpital Roi Baudouin
Tata AFTU,Ligne 45,24,Préfecture Guédiawaye
Tata AFTU,Ligne 45,25,Dial Mbaye
Tata AFTU,Ligne 45,26,Cité des Enseignants
Tata AFTU,Ligne 45,27,Croisement Bethio
Tata AFTU,Ligne 45,28,Pharmacie Golf
Tata AFTU,Ligne 45,29,Fadia
Tata AFTU,Ligne 45,30,Case-Ba
Tata AFTU,Ligne 45,31,Croisement 22
Tata AFTU,Ligne 45,32,Caserne Sapeurs Pompiers Parcelles
Tata AFTU,Ligne 45,33,Parcelles Église
Tata AFTU,Ligne 45,34,63
Tata AFTU,Ligne 46,1,SDE Serigne Assane
Tata AFTU,Ligne 46,2,Guédiawaye
Tata AFTU,Ligne 46,3,Lycée Limamou Laye
Tata AFTU,Ligne 46,4,Préfecture
Tata AFTU,Ligne 46,5,Rue10 Pikine
Tata AFTU,Ligne 46,6,Cité Lobattfall
Tata AFTU,Ligne 46,7,Route Nationale
Tata AFTU,Ligne 46,8,Technopole
Tata AFTU,Ligne 46,9,Croisement Cambérène
Tata AFTU,Ligne 46,10,Patte d'Oie
Tata AFTU,Ligne 46,11,Grand Yoff
Tata AFTU,Ligne 46,12,Rond-Point Liberté 6
Tata AFTU,Ligne 46,13,Derklé
Tata AFTU,Ligne 46,14,Dieuppeul (Sapeurs Pompiers)
Tata AFTU,Ligne 46,15,Stade Dembadiop
Tata AFTU,Ligne 46,16,Avenue Bourguiba
Tata AFTU,Ligne 46,17,École Normale
Tata AFTU,Ligne 46,18,Avenue Cheikh Antadiop
Tata AFTU,Ligne 46,19,Avenue Blaise Diagne
Tata AFTU,Ligne 46,20,Lat Dior
Tata AFTU,Ligne 47,1,Gare Lat-Dior
Tata AFTU,Ligne 47,2,Service d'Hygiène
Tata AFTU,Ligne 47,3,Av Blaise Diagne
Tata AFTU,Ligne 47,4,Av Cheikh Anta Diop
Tata AFTU,Ligne 47,5,Av Bourguiba
Tata AFTU,Ligne 47,6,Route du Front de Terre
Tata AFTU,Ligne 47,7,Giratoire Liberté 6
Tata AFTU,Ligne 47,8,Av Hyacinthe Thiandoum (Grand-Yoff)
Tata AFTU,Ligne 47,9,Pont de l'Émergence
Tata AFTU,Ligne 47,10,Route de l'Aéroport
Tata AFTU,Ligne 47,11,Aéroport LSS
Tata AFTU,Ligne 47,12,Rond-Point le Virage
Tata AFTU,Ligne 47,13,Route de Ngor
Tata AFTU,Ligne 47,14,Rond-Point Almadies
Tata AFTU,Ligne 47,15,Almadies
Tata AFTU,Ligne 48,1,Cité Serigne Mansour
Tata AFTU,Ligne 48,2,HLM Rufisque
Tata AFTU,Ligne 48,3,Dioutyba
Tata AFTU,Ligne 48,4,Route Nationale 1
Tata AFTU,Ligne 48,5,SIPS
Tata AFTU,Ligne 48,6,Bountou Pikine
Tata AFTU,Ligne 48,7,Autoroute
Tata AFTU,Ligne 48,8,Patte d'Oie
Tata AFTU,Ligne 48,9,Colobane
Tata AFTU,Ligne 48,10,RTS
Tata AFTU,Ligne 48,11,Poste Médine
Tata AFTU,Ligne 48,12,Lat Dior
Tata AFTU,Ligne 49,1,Gadaye
Tata AFTU,Ligne 49,2,Marché Khelcom
Tata AFTU,Ligne 49,3,Carrefour Serigne Assane
Tata AFTU,Ligne 49,4,Marché Ndiarème
Tata AFTU,Ligne 49,5,Deux Voies Notaire
Tata AFTU,Ligne 49,6,Dial Mbaye
Tata AFTU,Ligne 49,7,Stade Amadou Barry
Tata AFTU,Ligne 49,8,Lycée Canada
Tata AFTU,Ligne 49,9,Route des Niayes
Tata AFTU,Ligne 49,10,Tally Icotaf Pikine
Tata AFTU,Ligne 49,11,Marché aux Poissons
Tata AFTU,Ligne 49,12,SERAS
Tata AFTU,Ligne 49,13,Route de Rufisque
Tata AFTU,Ligne 49,14,CAPA
Tata AFTU,Ligne 49,15,Echangeur de Hann
Tata AFTU,Ligne 49,16,Liberté 6
Tata AFTU,Ligne 49,17,Sacré Cœur
Tata AFTU,Ligne 49,18,Mermoz Rond-Point Cheikh Bethio
Tata AFTU,Ligne 49,19,Ouakam
Tata AFTU,Ligne 49,20,Mamelles
Tata AFTU,Ligne 49,21,Rond-Point Almadies
Tata AFTU,Ligne 49,22,Ngor
Tata AFTU,Ligne 50,1,Petersen
Tata AFTU,Ligne 50,2,Allées Papa Gueye Fall
Tata AFTU,Ligne 50,3,Av Malick Sy
Tata AFTU,Ligne 50,4,Echangeur Cyrnos
Tata AFTU,Ligne 50,5,Môle 10
Tata AFTU,Ligne 50,6,Môle 8
Tata AFTU,Ligne 50,7,Rocade Fannbel-Air
Tata AFTU,Ligne 50,8,Pont de Colobane
Tata AFTU,Ligne 50,9,Autoroute
Tata AFTU,Ligne 50,10,Echangeur Patte d'Oie
Tata AFTU,Ligne 50,11,Croisement Cambérène
Tata AFTU,Ligne 50,12,Bountou Pikine
Tata AFTU,Ligne 50,13,Tally Icotaf
Tata AFTU,Ligne 50,14,Route des Niayes
Tata AFTU,Ligne 50,15,Police Thiaroye
Tata AFTU,Ligne 50,16,Tally Diallo
Tata AFTU,Ligne 50,17,Route de Yeumbeul
Tata AFTU,Ligne 50,18,Bene Baraque
Tata AFTU,Ligne 50,19,Malika Cimetière
Tata AFTU,Ligne 50,20,Malika Plage
Tata AFTU,Ligne 51,1,Jaxaay
Tata AFTU,Ligne 51,2,Station Keurmassar
Tata AFTU,Ligne 51,3,Hôpital Keur Massar
Tata AFTU,Ligne 51,4,Route de Boune
Tata AFTU,Ligne 51,5,Yeumbeul
Tata AFTU,Ligne 51,6,Tally Diallo
Tata AFTU,Ligne 51,7,Route des Niayes
Tata AFTU,Ligne 51,8,Tallyicotaf
Tata AFTU,Ligne 51,9,Bountou Pikine
Tata AFTU,Ligne 51,10,Gare des Baux Maraîchers
Tata AFTU,Ligne 52,1,Beaux Maraîchers
Tata AFTU,Ligne 52,2,Bountou Pikine
Tata AFTU,Ligne 52,3,Marché Chavanel
Tata AFTU,Ligne 52,4,Tally Boumack
Tata AFTU,Ligne 52,5,Route des Niayes
Tata AFTU,Ligne 52,6,Police Thiaroye
Tata AFTU,Ligne 52,7,Tally Diallo
Tata AFTU,Ligne 52,8,Yeumbeul
Tata AFTU,Ligne 52,9,Bene Baraque
Tata AFTU,Ligne 52,10,Malika
Tata AFTU,Ligne 52,11,Hôpital Keur Massar
Tata AFTU,Ligne 52,12,Station Keur Massar
Tata AFTU,Ligne 52,13,Jaxaay
Tata AFTU,Ligne 53,1,Keur Massar (Marché)
Tata AFTU,Ligne 53,2,P11
Tata AFTU,Ligne 53,3,Croisement Tivaouane Peulh
Tata AFTU,Ligne 53,4,SAFCO
Tata AFTU,Ligne 53,5,Niacourab
Tata AFTU,Ligne 53,6,Croisement Niagues
Tata AFTU,Ligne 53,7,Ndiakhirate
Tata AFTU,Ligne 53,8,Keur Ndiaye Lo
Tata AFTU,Ligne 53,9,Hôpital Youssou Mbargane
Tata AFTU,Ligne 53,10,Dangou
Tata AFTU,Ligne 53,11,SONADIS
Tata AFTU,Ligne 53,12,Poste Courant
Tata AFTU,Ligne 53,13,SOCOCIM
Tata AFTU,Ligne 53,14,Bargny
Tata AFTU,Ligne 53,15,Diamniadio
Tata AFTU,Ligne 53,16,Sébikotane
Tata AFTU,Ligne 54,1,Keur Massar (Cité MTOA)
Tata AFTU,Ligne 54,2,Station Keur Massar
Tata AFTU,Ligne 54,3,MTOA
Tata AFTU,Ligne 54,4,Route de Boune
Tata AFTU,Ligne 54,5,Mbédou Fass
Tata AFTU,Ligne 54,6,Fassmbao
Tata AFTU,Ligne 54,7,Route Nationale N° 1
Tata AFTU,Ligne 54,8,Poste Thiaroye
Tata AFTU,Ligne 54,9,Rond-Point Seven Up
Tata AFTU,Ligne 54,10,Bld Centenaire de la Commune de Dakar
Tata AFTU,Ligne 54,11,Place Bakou
Tata AFTU,Ligne 54,12,Pont de Colobane
Tata AFTU,Ligne 54,13,Canal 4
Tata AFTU,Ligne 54,14,Université Cheikh Anta Diop
Tata AFTU,Ligne 55,1,Rufisque SONADIS
Tata AFTU,Ligne 55,2,Boulevard Maurice Gueye
Tata AFTU,Ligne 55,3,Route Nationale N° 1
Tata AFTU,Ligne 55,4,Keurmbaye Fall
Tata AFTU,Ligne 55,5,Croisement Keurmassar
Tata AFTU,Ligne 55,6,Poste Thiaroye
Tata AFTU,Ligne 55,7,Bountou Pikine
Tata AFTU,Ligne 55,8,Croisement Cambérène
Tata AFTU,Ligne 55,9,Echangeur Patte d'Oie
Tata AFTU,Ligne 55,10,Autoroute
Tata AFTU,Ligne 55,11,Av Malick Sy
Tata AFTU,Ligne 55,12,Allées Papa Gueye Fall
Tata AFTU,Ligne 55,13,Petersen
Tata AFTU,Ligne 56,1,Jaxaay 1
Tata AFTU,Ligne 56,2,Cité Mame Dior
Tata AFTU,Ligne 56,3,Rond-Point Shell Keur Massar
Tata AFTU,Ligne 56,4,Croisement Keur Massar
Tata AFTU,Ligne 56,5,Poste Thiaroye
Tata AFTU,Ligne 56,6,Bountou Pikine
Tata AFTU,Ligne 56,7,Croisement Cambérène
Tata AFTU,Ligne 56,8,Echangeur Patte d'Oie
Tata AFTU,Ligne 56,9,Autoroute
Tata AFTU,Ligne 56,10,Av Malick Sy
Tata AFTU,Ligne 56,11,Allées Papa Gueye Fall
Tata AFTU,Ligne 56,12,Petersen
Tata AFTU,Ligne 57,1,Rond-Point Liberté 6
Tata AFTU,Ligne 57,2,Av Hyacinthe Thiandoum
Tata AFTU,Ligne 57,3,Grand Yoff
Tata AFTU,Ligne 57,4,Pont de l'Émergence
Tata AFTU,Ligne 57,5,Croisement Cambérène
Tata AFTU,Ligne 57,6,Bountou Pikine
Tata AFTU,Ligne 57,7,Poste Thiaroye
Tata AFTU,Ligne 57,8,Croisement Keur Massar
Tata AFTU,Ligne 57,9,Keur Mbaye Fall
Tata AFTU,Ligne 57,10,Route Nationale N°1
Tata AFTU,Ligne 57,11,Bd Maurice Gueye
Tata AFTU,Ligne 57,12,Poste Courant
Tata AFTU,Ligne 57,13,Marché Colobane Rufisque
Tata AFTU,Ligne 57,14,Rufisque Gouye Mouride
Tata AFTU,Ligne 58,1,Fass Mbao (Rail-Ba)
Tata AFTU,Ligne 58,2,Route Nationale 1
Tata AFTU,Ligne 58,3,Fass Mbao
Tata AFTU,Ligne 58,4,SICAP Mbao
Tata AFTU,Ligne 58,5,Diamaguène
Tata AFTU,Ligne 58,6,Poste Thiaroye
Tata AFTU,Ligne 58,7,Péage
Tata AFTU,Ligne 58,8,Echangeur Hann
Tata AFTU,Ligne 58,9,Avenue Bourguiba
Tata AFTU,Ligne 58,10,École Normale
Tata AFTU,Ligne 58,11,UCAD
Tata AFTU,Ligne 58,12,SHAM
Tata AFTU,Ligne 59,1,Diamalaye
Tata AFTU,Ligne 59,2,Stade L.s.s
Tata AFTU,Ligne 59,3,Police Parcelles
Tata AFTU,Ligne 59,4,Case Ba
Tata AFTU,Ligne 59,5,Pharmacie Golf
Tata AFTU,Ligne 59,6,HLM Guédiawaye
Tata AFTU,Ligne 59,7,Canada
Tata AFTU,Ligne 59,8,Route des Niayes
Tata AFTU,Ligne 59,9,Police Thiaroye
Tata AFTU,Ligne 59,10,Tally Diallo
Tata AFTU,Ligne 59,11,Route de Yeumbeul
Tata AFTU,Ligne 59,12,Boune
Tata AFTU,Ligne 59,13,Keur Massar
Tata AFTU,Ligne 59,14,Cité SOTRAC
Tata AFTU,Ligne 59,15,Cité Gendarmerie (Jaxaay)
Tata AFTU,Ligne 60,1,Colobane
Tata AFTU,Ligne 60,2,Auto Route
Tata AFTU,Ligne 60,3,Route Nationale 1
Tata AFTU,Ligne 60,4,Diamaguène
Tata AFTU,Ligne 60,5,SICAP Mbao
Tata AFTU,Ligne 60,6,Fass Mbao
Tata AFTU,Ligne 60,7,Croisement Keur Massar
Tata AFTU,Ligne 60,8,Dioutyba (Rufisque)
Tata AFTU,Ligne 60,9,SONADIS
Tata AFTU,Ligne 60,10,SOCOCIM
Tata AFTU,Ligne 60,11,Bargny
Tata AFTU,Ligne 61,1,Almadies
Tata AFTU,Ligne 61,2,Aéroport
Tata AFTU,Ligne 61,3,Dispensaire Nabil Choucair
Tata AFTU,Ligne 61,4,Patte d'Oie
Tata AFTU,Ligne 61,5,Autoroute
Tata AFTU,Ligne 61,6,Poste Thiaroye
Tata AFTU,Ligne 61,7,SICAP Mbao
Tata AFTU,Ligne 61,8,Fass Mbao
Tata AFTU,Ligne 61,9,Route Nationale 1
Tata AFTU,Ligne 61,10,Keur Massar
Tata AFTU,Ligne 62,1,Arrêt Chérif (Rufisque)
Tata AFTU,Ligne 62,2,Arafat
Tata AFTU,Ligne 62,3,Marché Mardi
Tata AFTU,Ligne 62,4,Poste Courant
Tata AFTU,Ligne 62,5,SONADIS
Tata AFTU,Ligne 62,6,Dangou
Tata AFTU,Ligne 62,7,Fass Rufisque
Tata AFTU,Ligne 62,8,HLM Rufisque
Tata AFTU,Ligne 62,9,Dioutyba
Tata AFTU,Ligne 62,10,Route Nationale 1
Tata AFTU,Ligne 62,11,Poste Thiaroye
Tata AFTU,Ligne 62,12,Autoroute A Péage
Tata AFTU,Ligne 62,13,Cité des Eaux
Tata AFTU,Ligne 62,14,HLM
Tata AFTU,Ligne 62,15,Colobane
Tata AFTU,Ligne 62,16,Fass
Tata AFTU,Ligne 62,17,UCAD
Tata AFTU,Ligne 62,18,Penc Mi (Gueule Tapée)
Tata AFTU,Ligne 63,1,Camp Marchand Rufisque
Tata AFTU,Ligne 63,2,Marché Mardi
Tata AFTU,Ligne 63,3,Rond-Point Arafat
Tata AFTU,Ligne 63,4,Passage A Niveau
Tata AFTU,Ligne 63,5,Khaar
Tata AFTU,Ligne 63,6,Rufisque Nord 73
Tata AFTU,Ligne 63,7,Stade de Rufisque
Tata AFTU,Ligne 63,8,Route des HLM Rufisque
Tata AFTU,Ligne 63,9,Rond-Point Djouti Ba Rufisque
Tata AFTU,Ligne 63,10,Keur Mbaye Fall
Tata AFTU,Ligne 63,11,Croisement Keur Massar
Tata AFTU,Ligne 63,12,Poste Thiaroye
Tata AFTU,Ligne 63,13,Bountou Pikine
Tata AFTU,Ligne 63,14,Croisement Cambérène
Tata AFTU,Ligne 63,15,Rond-Point Cambérène (Case Bi)
Tata AFTU,Ligne 63,16,Police des Parcelles Assainies
Tata AFTU,Ligne 63,17,Route du Stade (Taliboubess)
Tata AFTU,Ligne 63,18,Parcelles Dior
Tata AFTU,Ligne 64,1,Diamniadio
Tata AFTU,Ligne 64,2,Bargny
Tata AFTU,Ligne 64,3,Thiawlène
Tata AFTU,Ligne 64,4,Boulevard Maurice Gueye
Tata AFTU,Ligne 64,5,Rond-Point Dioutyba
Tata AFTU,Ligne 64,6,Keur Mbaye Fall
Tata AFTU,Ligne 64,7,Croisement Keur Massar
Tata AFTU,Ligne 64,8,Poste Thiaroye
Tata AFTU,Ligne 64,9,Bountou Pikine
Tata AFTU,Ligne 64,10,Tally Boumack
Tata AFTU,Ligne 64,11,Route des Niayes
Tata AFTU,Ligne 64,12,Tribunal de Pikine
Tata AFTU,Ligne 64,13,Croisement PAI
Tata AFTU,Ligne 64,14,72
Tata AFTU,Ligne 64,15,Dial Mbaay
Tata AFTU,Ligne 64,16,Notaire
Tata AFTU,Ligne 65,1,Gare routière de Colobane
Tata AFTU,Ligne 65,2,Rocade Fann Bel-Air
Tata AFTU,Ligne 65,3,Place Bakou
Tata AFTU,Ligne 65,4,Bld du Centenaire de la Commune de Dakar
Tata AFTU,Ligne 65,5,Rond-Point Seven Up
Tata AFTU,Ligne 65,6,Poste Thiaroye
Tata AFTU,Ligne 65,7,Croisement Keur Massar
Tata AFTU,Ligne 65,8,Rond-Point Station Shell Keur Massar
Tata AFTU,Ligne 65,9,Route de Jaxxay
Tata AFTU,Ligne 65,10,Collège la Liberté
Tata AFTU,Ligne 65,11,Centre de Jaxaay
Tata AFTU,Ligne 65,12,Jaxaay 2
Tata AFTU,Ligne 66,1,Yoff
Tata AFTU,Ligne 66,2,Route de l'Aéroport
Tata AFTU,Ligne 66,3,Patte d'Oie
Tata AFTU,Ligne 66,4,Croisement Cambérène
Tata AFTU,Ligne 66,5,Cité Lobatt Fall
Tata AFTU,Ligne 66,6,Bountou Pikine
Tata AFTU,Ligne 66,7,SIPS
Tata AFTU,Ligne 66,8,Poste Thiaroye
Tata AFTU,Ligne 66,9,Diamaguène
Tata AFTU,Ligne 66,10,Fassmbao
Tata AFTU,Ligne 66,11,Croisement Keur Massar
Tata AFTU,Ligne 66,12,Keur Mbaye Fall
Tata AFTU,Ligne 66,13,Croisement Grand Mbao
Tata AFTU,Ligne 66,14,Cap des Biches
Tata AFTU,Ligne 66,15,SONADIS
Tata AFTU,Ligne 66,16,Poste Courant
Tata AFTU,Ligne 66,17,Castors
Tata AFTU,Ligne 66,18,Camp Marchand
Tata AFTU,Ligne 66,19,Hôpital Youssou Mbargane
Tata AFTU,Ligne 66,20,Keur Ndiaye Lo
Tata AFTU,Ligne 66,21,Bambilor
Tata AFTU,Ligne 66,22,Gorom 2
Tata AFTU,Ligne 66,23,Gorom 1
Tata AFTU,Ligne 67,1,Boutique Diallo (Ouakam)
Tata AFTU,Ligne 67,2,Cité Avion
Tata AFTU,Ligne 67,3,Entrée Ouakam
Tata AFTU,Ligne 67,4,Mermoz
Tata AFTU,Ligne 67,5,École Normale
Tata AFTU,Ligne 67,6,Score Liberté
Tata AFTU,Ligne 67,7,Avenue Bourguiba
Tata AFTU,Ligne 67,8,Cité des Eaux
Tata AFTU,Ligne 67,9,CAPA
Tata AFTU,Ligne 67,10,Tableau Ferrailles
Tata AFTU,Ligne 67,11,SERAS
Tata AFTU,Ligne 67,12,Route de Hann
Tata AFTU,Ligne 67,13,SIPS
Tata AFTU,Ligne 67,14,Poste Thiaroye
Tata AFTU,Ligne 67,15,Diamaguène
Tata AFTU,Ligne 67,16,Fass Mbao
Tata AFTU,Ligne 67,17,Keur Mbaye Fall
Tata AFTU,Ligne 67,18,Grand Mbao
Tata AFTU,Ligne 67,19,Cap des Biches
Tata AFTU,Ligne 67,20,Imprimerie Nationale
Tata AFTU,Ligne 67,21,SONADIS
Tata AFTU,Ligne 67,22,Thiawlène (Rufisque)
Tata AFTU,Ligne 68,1,Station Yeumbeul
Tata AFTU,Ligne 68,2,Yeumbeul Bene Baraque
Tata AFTU,Ligne 68,3,Route de Malika
Tata AFTU,Ligne 68,4,Station Keur Massar
Tata AFTU,Ligne 68,5,Croisement Keur Massar
Tata AFTU,Ligne 68,6,Rufisque
Tata AFTU,Ligne 68,7,Bargny
Tata AFTU,Ligne 68,8,Diamniadio
Tata AFTU,Ligne 68,9,Sébikotane
Tata AFTU,Ligne 69,1,Diamalaye
Tata AFTU,Ligne 69,2,Croisement Dior
Tata AFTU,Ligne 69,3,Sapeurs-Pompiers Parcelles
Tata AFTU,Ligne 69,4,Croisement 22
Tata AFTU,Ligne 69,5,Route des Niayes
Tata AFTU,Ligne 69,6,Rond-Point Cambérène (Case Bi)
Tata AFTU,Ligne 69,7,Croisement Cambérène
Tata AFTU,Ligne 69,8,Branche Est Autoroute
Tata AFTU,Ligne 69,9,Bountou Pikine
Tata AFTU,Ligne 69,10,Poste Thiaroye
Tata AFTU,Ligne 69,11,Croisement Keur Massar
Tata AFTU,Ligne 69,12,Rond-Point Station Shell Keur Massar
Tata AFTU,Ligne 69,13,P11 Keur Massar
Tata AFTU,Ligne 69,14,Tivaouane Peulh
Tata AFTU,Ligne 69,15,Namora
Tata AFTU,Ligne 70,1,Daroukhane Keur Serigne Assane
Tata AFTU,Ligne 70,2,SDE Guédiawaye
Tata AFTU,Ligne 70,3,Marché Boubess
Tata AFTU,Ligne 70,4,Bld des Martyrs
Tata AFTU,Ligne 70,5,Poste de Guédiawaye
Tata AFTU,Ligne 70,6,Route des Niayes Prolongée
Tata AFTU,Ligne 70,7,Police Thiaroye
Tata AFTU,Ligne 70,8,Poste Thiaroye
Tata AFTU,Ligne 70,9,Diamaguène
Tata AFTU,Ligne 70,10,Croisement Keur Massar
Tata AFTU,Ligne 70,11,Rond-Point Station Shell Keur Massar
Tata AFTU,Ligne 70,12,Route de Jaxaay
Tata AFTU,Ligne 70,13,Croisement Mame Abdou
Tata AFTU,Ligne 70,14,Jaxaay 2
Tata AFTU,Ligne 71,1,Keur Massar Extension
Tata AFTU,Ligne 71,2,Station Keur Massar
Tata AFTU,Ligne 71,3,Croisement Keur Massar
Tata AFTU,Ligne 71,4,Petit Mbao
Tata AFTU,Ligne 71,5,Fass Mbao
Tata AFTU,Ligne 71,6,Poste Thiaroye
Tata AFTU,Ligne 71,7,Bountou Pikine
Tata AFTU,Ligne 71,8,Croisement Cambérène
Tata AFTU,Ligne 71,9,Castors
Tata AFTU,Ligne 71,10,HLM
Tata AFTU,Ligne 71,11,Garage Guédiawaye
Tata AFTU,Ligne 71,12,Bène Tally
Tata AFTU,Ligne 71,13,Niary Tally
Tata AFTU,Ligne 71,14,Grand Dakar
Tata AFTU,Ligne 71,15,Rue 10
Tata AFTU,Ligne 71,16,Poste Fann
Tata AFTU,Ligne 71,17,Université
Tata AFTU,Ligne 71,18,Claudel
Tata AFTU,Ligne 72,1,Guédiawaye Cité des Enseignants
Tata AFTU,Ligne 72,2,Av Oumar Foutiyou Tall (Golf Nord)
Tata AFTU,Ligne 72,3,Route des Niayes
Tata AFTU,Ligne 72,4,Police Thiaroye
Tata AFTU,Ligne 72,5,Poste Thiaroye
Tata AFTU,Ligne 72,6,Route Nationale N°1
Tata AFTU,Ligne 72,7,Croisement Keur Massar
Tata AFTU,Ligne 72,8,Keur Mbaye Fall
Tata AFTU,Ligne 72,9,Croisement ZAC Mbao
Tata AFTU,Ligne 72,10,ZAC Mbao
Tata AFTU,Ligne 72,11,Allées Médina ZAC
Tata AFTU,Ligne 72,12,Cité CAPEC
Tata AFTU,Ligne 72,13,Route des HLM Rufisque
Tata AFTU,Ligne 72,14,Rond-Point Djouti Ba Rufisque
Tata AFTU,Ligne 72,15,Bld Maurice Gueye
Tata AFTU,Ligne 72,16,SONADIS Rufisque
Tata AFTU,Ligne 72,17,Hôpital Youssou Mbargane Diop
Tata AFTU,Ligne 72,18,Route de Sangalkam
Tata AFTU,Ligne 72,19,Keur Daouda Sarr
Tata AFTU,Ligne 72,20,Cité SAGEF
Tata AFTU,Ligne 72,21,Cité Baba Guisse
Tata AFTU,Ligne 72,22,Kounoune (Cité Cardinal Thiandoum)
Tata AFTU,Ligne 73,1,Lac Rose
Tata AFTU,Ligne 73,2,Croisement Niagues
Tata AFTU,Ligne 73,3,Darou Thioub
Tata AFTU,Ligne 73,4,Niakourab
Tata AFTU,Ligne 73,5,Cité SAFCO
Tata AFTU,Ligne 73,6,Keur Massar
Tata AFTU,Ligne 73,7,MTOA
Tata AFTU,Ligne 73,8,Boune
Tata AFTU,Ligne 73,9,Yeumbeul
Tata AFTU,Ligne 73,10,Poste Thiaroye
Tata AFTU,Ligne 74,1,Bargny (Gare Ferroviaire)
Tata AFTU,Ligne 74,2,Colobane Rufisque
Tata AFTU,Ligne 74,3,Poste Courant
Tata AFTU,Ligne 74,4,Route Nationale N°1
Tata AFTU,Ligne 74,5,Bld Maurice Gueye
Tata AFTU,Ligne 74,6,Rond-Point Djouti Ba Rufisque
Tata AFTU,Ligne 74,7,Route des HLM Rufisque
Tata AFTU,Ligne 74,8,Echangeur Rufisque-Ouest
Tata AFTU,Ligne 74,9,Route de Jaxaay
Tata AFTU,Ligne 74,10,Rond-Point Station Shell Keur Massar
Tata AFTU,Ligne 74,11,Keurmassar
Tata AFTU,Ligne 74,12,Tivaouane Peul
Tata AFTU,Ligne 74,13,Cité SOCABEG
Tata AFTU,Ligne 74,14,Cité COCEHAS
Tata AFTU,Ligne 75,1,Malika (Cité Sonatel)
Tata AFTU,Ligne 75,2,Yeumbeul
Tata AFTU,Ligne 75,3,Tally Diallo
Tata AFTU,Ligne 75,4,Police Thiaroye
Tata AFTU,Ligne 75,5,Poste Thiaroye
Tata AFTU,Ligne 75,6,Route Nationale N°1
Tata AFTU,Ligne 75,7,Bountou Pikine
Tata AFTU,Ligne 75,8,Croisement Cambérène
Tata AFTU,Ligne 75,9,Maristes
Tata AFTU,Ligne 75,10,Echangeur Hann
Tata AFTU,Ligne 75,11,Route du Front de Terre
Tata AFTU,Ligne 75,12,Castors
Tata AFTU,Ligne 75,13,Av Cheikh Ahmadou Bamba (Rue 13 des HLM)
Tata AFTU,Ligne 75,14,Rond-Point Caisse de Sécurité Sociale
Tata AFTU,Ligne 75,15,Gare routière de Colobane
Tata AFTU,Ligne 76,1,Sipres
Tata AFTU,Ligne 76,2,Rond-Point Liberté 6
Tata AFTU,Ligne 76,3,Marché Grand Yoff
Tata AFTU,Ligne 76,4,Patte d'Oie
Tata AFTU,Ligne 76,5,Croisement Cambérène
Tata AFTU,Ligne 76,6,Bountou Pikine
Tata AFTU,Ligne 76,7,Poste Thiaroye
Tata AFTU,Ligne 76,8,Fass Mbao
Tata AFTU,Ligne 76,9,Mbédou Fass
Tata AFTU,Ligne 76,10,MTOA
Tata AFTU,Ligne 76,11,Station Keur Massar
Tata AFTU,Ligne 76,12,Cité Assurance
Tata AFTU,Ligne 77,1,Rufisque Cité Tacco
Tata AFTU,Ligne 77,2,Pont Dangou
Tata AFTU,Ligne 77,3,SONADIS Rufisque
Tata AFTU,Ligne 77,4,Bld Maurice Gueye
Tata AFTU,Ligne 77,5,Rond-Point Djouti Ba Rufisque
Tata AFTU,Ligne 77,6,Route Nationale N° 1
Tata AFTU,Ligne 77,7,Keur Mbaye Fall
Tata AFTU,Ligne 77,8,Croisement Keur Massar
Tata AFTU,Ligne 77,9,Poste Thiaroye
Tata AFTU,Ligne 77,10,Bountou Pikine
Tata AFTU,Ligne 77,11,Croisement Cambérène
Tata AFTU,Ligne 77,12,Echangeur Hann
Tata AFTU,Ligne 77,13,Route du Front de Terre
Tata AFTU,Ligne 77,14,Liberté 5
Tata AFTU,Ligne 78,1,Diamaguène
Tata AFTU,Ligne 78,2,Croisement Tally Diallo
Tata AFTU,Ligne 78,3,Tally Diallo
Tata AFTU,Ligne 78,4,Poste de Police Thiaroye
Tata AFTU,Ligne 78,5,Lycée Canada
Tata AFTU,Ligne 78,6,Golf
Tata AFTU,Ligne 78,7,Corniche Fadia
Tata AFTU,Ligne 78,8,Case Ba
Tata AFTU,Ligne 78,9,Police Parcelles
Tata AFTU,Ligne 78,10,Pont de l'Émergence
Tata AFTU,Ligne 78,11,Rond-Point Liberté 6
Tata AFTU,Ligne 78,12,Liberté 5
Tata AFTU,Ligne 79,1,Sangalkam
Tata AFTU,Ligne 79,2,Ndiakhirate
Tata AFTU,Ligne 79,3,Croisement Niagues
Tata AFTU,Ligne 79,4,Darou Thioub
Tata AFTU,Ligne 79,5,Niacourab
Tata AFTU,Ligne 79,6,Croisement Tivaouane Peulh
Tata AFTU,Ligne 79,7,Station Keurmassar
Tata AFTU,Ligne 79,8,Malika
Tata AFTU,Ligne 79,9,VDN 3
Tata AFTU,Ligne 79,10,Gadaye
Tata AFTU,Ligne 79,11,Serigneassane
Tata AFTU,Ligne 79,12,Marché Boubess
Tata AFTU,Ligne 79,13,Préfecture Guédiawaye
Tata AFTU,Ligne 79,14,Cité Nations Unies (Derriere Hôpital Dalal Diam)
Tata AFTU,Ligne 79,15,Cambérène
Tata AFTU,Ligne 80,1,Diamalaye
Tata AFTU,Ligne 80,2,Unité 15
Tata AFTU,Ligne 80,3,Église Parcelles
Tata AFTU,Ligne 80,4,Croisement 22
Tata AFTU,Ligne 80,5,Case-Ba
Tata AFTU,Ligne 80,6,Cambérène
Tata AFTU,Ligne 80,7,Pharmacie Golf
Tata AFTU,Ligne 80,8,PAI
Tata AFTU,Ligne 80,9,Pikine Texaco
Tata AFTU,Ligne 80,10,Tally Diallo
Tata AFTU,Ligne 80,11,Yeumbeul
Tata AFTU,Ligne 80,12,Malika
Tata AFTU,Ligne 80,13,Station Keur Massar
Tata AFTU,Ligne 80,14,Keur Massar
Tata AFTU,Ligne 80,15,Croisement Tivaouane Peulh
Tata AFTU,Ligne 80,16,Niacourab
Tata AFTU,Ligne 80,17,Darou Thioub
Tata AFTU,Ligne 81,1,Gare des Baux Maraîchers
Tata AFTU,Ligne 81,2,SIPS
Tata AFTU,Ligne 81,3,Poste Thiaroye
Tata AFTU,Ligne 81,4,Diamaguène
Tata AFTU,Ligne 81,5,Fass Mbao
Tata AFTU,Ligne 81,6,Mbédou Fass
Tata AFTU,Ligne 81,7,Tournal Boune
Tata AFTU,Ligne 81,8,Station Yeumbeul
Tata AFTU,Ligne 81,9,Malika
Tata AFTU,Ligne 81,10,MTOA
Tata AFTU,Ligne 81,11,Keur Massar
Tata AFTU,Ligne 81,12,P11
Tata AFTU,Ligne 81,13,Croisement Tivaouane Peulh
Tata AFTU,Ligne 81,14,Tivaouane Peulh
Tata AFTU,Ligne 81,15,Cité SOCABEG
Tata AFTU,Ligne 81,16,Tawfeex
Tata AFTU,Ligne 82,1,Lat Dior
Tata AFTU,Ligne 82,2,Service d'Hygiène
Tata AFTU,Ligne 82,3,Avenue Blaise Diagne
Tata AFTU,Ligne 82,4,Marché Tilène
Tata AFTU,Ligne 82,5,Rue 22
Tata AFTU,Ligne 82,6,Rue 37
Tata AFTU,Ligne 82,7,Place de l'Obélisque
Tata AFTU,Ligne 82,8,Lycée Kennedy
Tata AFTU,Ligne 82,9,Colobane
Tata AFTU,Ligne 82,10,Autoroute A Péage
Tata AFTU,Ligne 82,11,Poste Thiaroye
Tata AFTU,Ligne 82,12,Fass Mbao
Tata AFTU,Ligne 82,13,Mbédou Fass
Tata AFTU,Ligne 82,14,Comico Yeumbeul
Tata AFTU,Ligne 83,1,Rufisque Arafat
Tata AFTU,Ligne 83,2,HLM Rufisque
Tata AFTU,Ligne 83,3,SEDIMA
Tata AFTU,Ligne 83,4,Station Keur Massar
Tata AFTU,Ligne 83,5,Malika Plage
Tata AFTU,Ligne 83,6,VDN 3
Tata AFTU,Ligne 83,7,Rond-Point Malibu
Tata AFTU,Ligne 83,8,Cité Nations Unies
Tata AFTU,Ligne 83,9,Case-Ba
Tata AFTU,Ligne 83,10,Pont de l'Émergence
Tata AFTU,Ligne 83,11,Grand-Yoff
Tata AFTU,Ligne 83,12,Route de Front de Terre
Tata AFTU,Ligne 83,13,CTO
Tata AFTU,Ligne 83,14,Zone de Captage
Tata AFTU,Ligne 84,1,UCAD
Tata AFTU,Ligne 84,2,Jaxaay
Tata AFTU,Ligne 85,1,Banoba
Tata AFTU,Ligne 85,2,Liberté 5
Tata AFTU,Ligne 86,1,Tournal Boune
Tata AFTU,Ligne 86,2,Toubab Dialaw
Tata AFTU,Ligne 87,1,Bambilor
Tata AFTU,Ligne 87,2,Mosquée Massalikoul Djinane
Tata AFTU,Ligne 88,1,MTOA
Tata AFTU,Ligne 88,2,Liberté 5
Tata AFTU,Ligne 89,1,Bargny
Tata AFTU,Ligne 89,2,Croisement Niague (Cité Sicap)
Tata AFTU,Ligne 91,1,Apix
Tata AFTU,Ligne 91,2,Dougar
