compagnie,ligne,terminus_a,terminus_b,categorie,source
Dakar Dem Dikk,Ligne 1,Parcelles Assainies,Place Leclerc,Urbaine,demdikk.sn/info-voyageurs
Dakar Dem Dikk,Ligne 4,Liberté 5,Place Leclerc,Urbaine,demdikk.sn/info-voyageurs
Dakar Dem Dikk,Ligne 7,Ouakam,Palais 2,Urbaine,demdikk.sn/info-voyageurs
Dakar Dem Dikk,Ligne 8,Aéroport LSS,Palais 2,Urbaine,demdikk.sn/info-voyageurs
Dakar Dem Dikk,Ligne 9,Liberté 6,Palais 2,Urbaine,demdikk.sn/info-voyageurs
Dakar Dem Dikk,Ligne 10,Liberté 5,Palais 2,Urbaine,demdikk.sn/info-voyageurs
Dakar Dem Dikk,Ligne 13,Liberté 5,Palais 2,Urbaine,demdikk.sn/info-voyageurs
Dakar Dem Dikk,Ligne 18,Dieuppeul,Centre-Ville,Urbaine,demdikk.sn/info-voyageurs
Dakar Dem Dikk,Ligne 20,Dieuppeul,Centre-Ville,Urbaine,demdikk.sn/info-voyageurs
Dakar Dem Dikk,Ligne 121,SCAT Urbam,Place Leclerc,Urbaine,demdikk.sn/info-voyageurs
Dakar Dem Dikk,Ligne 23,Parcelles Assainies,Palais 1,Urbaine,demdikk.sn/info-voyageurs
Dakar Dem Dikk,Ligne 2,Daroukhane,Place Leclerc,Banlieue,demdikk.sn/info-voyageurs
Dakar Dem Dikk,Ligne 5,Guédiawaye,Palais 1,Banlieue,demdikk.sn/info-voyageurs
Dakar Dem Dikk,Ligne 6,Cambérène 2,Palais 2,Banlieue,demdikk.sn/info-voyageurs
Dakar Dem Dikk,Ligne 11,Keur Massar,Lat Dior,Banlieue,demdikk.sn/info-voyageurs
Dakar Dem Dikk,Ligne 12,Guédiawaye,Palais 1,Banlieue,demdikk.sn/info-voyageurs
Dakar Dem Dikk,Ligne 15A,Rufisque,Palais 1,Banlieue,demdikk.sn/info-voyageurs
Dakar Dem Dikk,Ligne 15B,Rufisque,Palais 1,Banlieue,demdikk.sn/info-voyageurs
Dakar Dem Dikk,Ligne 16A,Malika,Palais 1,Banlieue,demdikk.sn/info-voyageurs
Dakar Dem Dikk,Ligne 16B,Malika,Palais 1,Banlieue,demdikk.sn/info-voyageurs
Dakar Dem Dikk,Ligne 234,Jaxaay,Place Leclerc,Banlieue,demdikk.sn/info-voyageurs
Dakar Dem Dikk,Ligne 233,Baux Maraîchers,Palais 1,Banlieue,demdikk.sn/info-voyageurs
Dakar Dem Dikk,Ligne 232,Baux Maraîchers,Aéroport LSS,Banlieue,demdikk.sn/info-voyageurs
Dakar Dem Dikk,Ligne 228,Rufisque,Yenne,Banlieue,demdikk.sn/info-voyageurs
Dakar Dem Dikk,Ligne 227,Keur Massar,Parcelles Assainies,Banlieue,demdikk.sn/info-voyageurs
Dakar Dem Dikk,Ligne 221,Gadaye,Almadies,Banlieue,demdikk.sn/info-voyageurs
Dakar Dem Dikk,Ligne 220,Rufisque,Guédiawaye,Banlieue,demdikk.sn/info-voyageurs
Dakar Dem Dikk,Ligne 219,Daroukhane,Ouakam,Banlieue,demdikk.sn/info-voyageurs
Dakar Dem Dikk,Ligne 218,Thiaroye,Aéroport LSS,Banlieue,demdikk.sn/info-voyageurs
Dakar Dem Dikk,Ligne 217,Thiaroye,Ouakam,Banlieue,demdikk.sn/info-voyageurs
Dakar Dem Dikk,Ligne 213,Rufisque,Dieuppeul,Banlieue,demdikk.sn/info-voyageurs
Dakar Dem Dikk,Ligne 208,Bayakh,Rufisque,Banlieue,demdikk.sn/info-voyageurs
Dakar Dem Dikk,Ligne 501,Gare de Dakar,Palais 2,Desserte TER,demdikk.sn/info-voyageurs
Dakar Dem Dikk,Ligne 502A,Colobane,UCAD,Desserte TER,demdikk.sn/info-voyageurs
Dakar Dem Dikk,Ligne 502B,Colobane,Hôpital Abass Ndao,Desserte TER,demdikk.sn/info-voyageurs
Dakar Dem Dikk,Ligne 503A,Colobane,Môle 8,Desserte TER,demdikk.sn/info-voyageurs
Dakar Dem Dikk,Ligne 503B,Colobane,Hydrocarbures,Desserte TER,demdikk.sn/info-voyageurs
Dakar Dem Dikk,Ligne 504A,Gare de Diamniadio,Sphère ministérielle,Desserte TER,demdikk.sn/info-voyageurs
Dakar Dem Dikk,Ligne 504B,Sébikotane,Gare de Diamniadio,Desserte TER,demdikk.sn/info-voyageurs
Dakar Dem Dikk,TAF TAF,Ouakam,AIBD,Express,demdikk.sn/info-voyageurs
Tata AFTU,Ligne 1,Lat Dior,HLM Grand Yoff,Urbaine,aftu-senegal.org/infos-pratiques
Tata AFTU,Ligne 2,Parcelles Assainies,Petersen,Urbaine,aftu-senegal.org/infos-pratiques
Tata AFTU,Ligne 3,Yoff,Petersen,Urbaine,aftu-senegal.org/infos-pratiques
Tata AFTU,Ligne 4,Yoff Village,Petersen,Urbaine,aftu-senegal.org/infos-pratiques
Tata AFTU,Ligne 5,Parcelles Assainies,Petersen,Urbaine,aftu-senegal.org/infos-pratiques
Tata AFTU,Ligne 24,UCAD,Notaire Guédiawaye,Banlieue,aftu-senegal.org/infos-pratiques
Tata AFTU,Ligne 25,Parcelles Assainies,Petersen,Urbaine,aftu-senegal.org/infos-pratiques
Tata AFTU,Ligne 26,Parcelles Assainies,Poste Thiaroye,Banlieue,aftu-senegal.org/infos-pratiques
Tata AFTU,Ligne 27,Marché Boubess,Petersen,Banlieue,aftu-senegal.org/infos-pratiques
Tata AFTU,Ligne 28,Hamo 5,Petersen,Banlieue,aftu-senegal.org/infos-pratiques
Tata AFTU,Ligne 29,Cité Nations Unies (Cambérène),Petersen,Banlieue,aftu-senegal.org/infos-pratiques
Tata AFTU,Ligne 30,Gadaye (Guédiawaye),Gare de Colobane,Banlieue,aftu-senegal.org/infos-pratiques
Tata AFTU,Ligne 31,Tally Icotaf (Pikine),Hôpital Abass Ndao,Banlieue,aftu-senegal.org/infos-pratiques
Tata AFTU,Ligne 32,Sahm,Serigne Assane,Banlieue,aftu-senegal.org/infos-pratiques
Tata AFTU,Ligne 33,Colobane,Serigne Assane,Banlieue,aftu-senegal.org/infos-pratiques
Tata AFTU,Ligne 34,Nord Foire,Lat Dior,Urbaine,aftu-senegal.org/infos-pratiques
Tata AFTU,Ligne 35,Ngor,Pikine Texaco,Banlieue,aftu-senegal.org/infos-pratiques
Tata AFTU,Ligne 36,Marché Ndiarème,Ngor,Banlieue,aftu-senegal.org/infos-pratiques
Tata AFTU,Ligne 37,Cité Apix,UCAD (Claudel),Banlieue,aftu-senegal.org/infos-pratiques
Tata AFTU,Ligne 38,Cité des Enseignants,Sahm,Banlieue,aftu-senegal.org/infos-pratiques
Tata AFTU,Ligne 39,Lat Dior,Diamalaye,Urbaine,aftu-senegal.org/infos-pratiques
Tata AFTU,Ligne 40,Grand Mbao,Petersen,Banlieue,aftu-senegal.org/infos-pratiques
Tata AFTU,Ligne 41,Petersen,Étage Madiale,Banlieue,aftu-senegal.org/infos-pratiques
Tata AFTU,Ligne 42,Gadaye (Guédiawaye),Ouakam Baye,Banlieue,aftu-senegal.org/infos-pratiques
Tata AFTU,Ligne 43,Ouakam,Thierno Ndiaye,Banlieue,aftu-senegal.org/infos-pratiques
Tata AFTU,Ligne 44,Grand Mbao,Ouakam,Banlieue,aftu-senegal.org/infos-pratiques
Tata AFTU,Ligne 45,Kounoune Ngalam,Parcelles Église,Banlieue,aftu-senegal.org/infos-pratiques
Tata AFTU,Ligne 46,SDE Serigne Assane,Lat Dior,Banlieue,aftu-senegal.org/infos-pratiques
Tata AFTU,Ligne 47,Lat Dior,Almadies,Urbaine,aftu-senegal.org/infos-pratiques
Tata AFTU,Ligne 48,Cité Serigne Mansour,Lat Dior,Banlieue,aftu-senegal.org/infos-pratiques
Tata AFTU,Ligne 49,Gadaye,Ngor,Banlieue,aftu-senegal.org/infos-pratiques
Tata AFTU,Ligne 50,Petersen,Malika Cimetière,Banlieue,aftu-senegal.org/infos-pratiques
Tata AFTU,Ligne 51,Jaxaay,Gare des Baux Maraîchers,Banlieue,aftu-senegal.org/infos-pratiques
Tata AFTU,Ligne 52,Bountou Pikine,Keur Massar,Banlieue,aftu-senegal.org/infos-pratiques
Tata AFTU,Ligne 53,Keur Massar,Sébikotane,Banlieue,aftu-senegal.org/infos-pratiques
Tata AFTU,Ligne 54,Keur Massar (Cité MTOA),UCAD,Banlieue,aftu-senegal.org/infos-pratiques
Tata AFTU,Ligne 55,Rufisque Sonadis,Petersen,Banlieue,aftu-senegal.org/infos-pratiques
Tata AFTU,Ligne 56,Jaxaay 2,Petersen,Banlieue,aftu-senegal.org/infos-pratiques
Tata AFTU,Ligne 57,Liberté 6,Rufisque,Banlieue,aftu-senegal.org/infos-pratiques
Tata AFTU,Ligne 58,Sahm,Comico,Banlieue,aftu-senegal.org/infos-pratiques
Tata AFTU,Ligne 59,Diamalaye,Cité Gendarmerie (Jaxaay),Banlieue,aftu-senegal.org/infos-pratiques
Tata AFTU,Ligne 60,Colobane,Bargny,Banlieue,aftu-senegal.org/infos-pratiques
Tata AFTU,Ligne 61,Almadies,Keur Massar,Banlieue,aftu-senegal.org/infos-pratiques
Tata AFTU,Ligne 62,Arrêt Chérif (Rufisque),Penc Mi (Gueule Tapée),Banlieue,aftu-senegal.org/infos-pratiques
Tata AFTU,Ligne 63,Camp Marchand Rufisque,Stade LSS,Banlieue,aftu-senegal.org/infos-pratiques
Tata AFTU,Ligne 64,Guédiawaye,Rufisque,Banlieue,aftu-senegal.org/infos-pratiques
Tata AFTU,Ligne 65,Colobane,Jaxaay,Banlieue,aftu-senegal.org/infos-pratiques
Tata AFTU,Ligne 66,Yoff,Gorom 1,Banlieue,aftu-senegal.org/infos-pratiques
Tata AFTU,Ligne 67,Ouakam,Thiawlène (Rufisque),Banlieue,aftu-senegal.org/infos-pratiques
Tata AFTU,Ligne 68,Yeumbeul,Sébikotane,Banlieue,aftu-senegal.org/infos-pratiques
Tata AFTU,Ligne 69,Diamalaye,Tivaouane Peulh,Banlieue,aftu-senegal.org/infos-pratiques
Tata AFTU,Ligne 70,Daroukhane,Jaxaay 2,Banlieue,aftu-senegal.org/infos-pratiques
Tata AFTU,Ligne 71,Keur Massar,Claudel,Banlieue,aftu-senegal.org/infos-pratiques
Tata AFTU,Ligne 72,Guédiawaye,Kounoune,Banlieue,aftu-senegal.org/infos-pratiques
Tata AFTU,Ligne 73,Lac Rose,Poste Thiaroye,Banlieue,aftu-senegal.org/infos-pratiques
Tata AFTU,Ligne 74,Bargny (Gare ferroviaire),Tivaouane Peulh,Banlieue,aftu-senegal.org/infos-pratiques
Tata AFTU,Ligne 75,Malika (Cité Sonatel),Gare routière de Colobane,Banlieue,aftu-senegal.org/infos-pratiques
Tata AFTU,Ligne 76,Sipres,Cité Assurance,Banlieue,aftu-senegal.org/infos-pratiques
Tata AFTU,Ligne 77,Rufisque,Liberté 5,Banlieue,aftu-senegal.org/infos-pratiques
Tata AFTU,Ligne 78,Diamaguène,Liberté 5,Banlieue,aftu-senegal.org/infos-pratiques
Tata AFTU,Ligne 79,Sangalkam,Cambérène,Banlieue,aftu-senegal.org/infos-pratiques
Tata AFTU,Ligne 80,Diamalaye,Darou Thioub,Banlieue,aftu-senegal.org/infos-pratiques
Tata AFTU,Ligne 81,Baux Maraîchers,Tivaouane Peulh,Banlieue,aftu-senegal.org/infos-pratiques
Tata AFTU,Ligne 82,Lat Dior,Comico Yeumbeul,Banlieue,aftu-senegal.org/infos-pratiques
Tata AFTU,Ligne 83,Rufisque Arafat,Zone de Captage,Banlieue,aftu-senegal.org/infos-pratiques
Tata AFTU,Ligne 84,UCAD,Jaxaay,Banlieue,aftu-senegal.org/infos-pratiques
Tata AFTU,Ligne 85,Banoba,Liberté 5,Banlieue,aftu-senegal.org/infos-pratiques
Tata AFTU,Ligne 86,Tournal Boune,Toubab Dialaw,Banlieue,aftu-senegal.org/infos-pratiques
Tata AFTU,Ligne 87,Bambilor,Mosquée Massalikoul Djinane,Banlieue,aftu-senegal.org/infos-pratiques
Tata AFTU,Ligne 88,MTOA,Liberté 5,Banlieue,aftu-senegal.org/infos-pratiques
Tata AFTU,Ligne 89,Bargny,Croisement Niague (Cité Sicap),Banlieue,aftu-senegal.org/infos-pratiques
Tata AFTU,Ligne 91,Apix,Dougar,Banlieue,aftu-senegal.org/infos-pratiques
